{"('female', 1)":96.8085106383,"('female', 2)":92.1052631579,"('female', 3)":50.0,"('male', 1)":36.8852459016,"('male', 2)":15.7407407407,"('male', 3)":13.5446685879}